,symbol,initialMargin,maintMargin,unrealizedProfit,positionInitialMargin,openOrderInitialMargin,leverage,isolated,entryPrice,breakEvenPrice,maxNotional,positionSide,positionAmt,notional,isolatedWallet,updateTime,bidNotional,askNotional
0,SNTUSDT,0,0,0.00000000,0,0,20,False,0.0,0.0,25000,BOTH,0,0,0,0,0,0
1,SUSHIUSDT,0,0,0.00000000,0,0,20,False,0.0,0.0,25000,BOTH,0,0,0,0,0,0
2,INJUSDT,0,0,0.00000000,0,0,20,False,0.0,0.0,50000,BOTH,0.0,0,0,0,0,0
3,STRAXUSDT,0,0,0.00000000,0,0,20,False,0.0,0.0,0,BOTH,0,0,0,0,0,0
4,BNTUSDT,0,0,0.00000000,0,0,20,False,0.0,0.0,5000,BOTH,0,0,0,0,0,0
5,SAGAUSDT,0,0,0.00000000,0,0,20,False,0.0,0.0,25000,BOTH,0.0,0,0,0,0,0
6,RDNTUSDT,0,0,0.00000000,0,0,20,False,0.0,0.0,5000,BOTH,0,0,0,0,0,0
7,ZRXUSDT,0,0,0.00000000,0,0,20,False,0.0,0.0,25000,BOTH,0.0,0,0,0,0,0
8,HIGHUSDT,0,0,0.00000000,0,0,20,False,0.0,0.0,25000,BOTH,0.0,0,0,0,0,0
9,XAIUSDT,0,0,0.00000000,0,0,20,False,0.0,0.0,25000,BOTH,0,0,0,0,0,0
10,WAVESUSDT,0,0,0.00000000,0,0,20,False,0.0,0.0,50000,BOTH,0.0,0,0,0,0,0
11,SPELLUSDT,0,0,0.00000000,0,0,20,False,0.0,0.0,25000,BOTH,0,0,0,0,0,0
12,XTZUSDT,0,0,0.00000000,0,0,20,False,0.0,0.0,150000,BOTH,0.0,0,0,0,0,0
13,BNBUSDT,0,0,0.00000000,0,0,20,False,0.0,0.0,250000,BOTH,0.00,0,0,0,0,0
14,DARUSDT,0,0,0.00000000,0,0,20,False,0.0,0.0,25000,BOTH,0.0,0,0,0,0,0
15,JOEUSDT,0,0,0.00000000,0,0,20,False,0.0,0.0,5000,BOTH,0,0,0,0,0,0
16,ETCUSDT,0,0,0.00000000,0,0,20,False,0.0,0.0,400000,BOTH,0.00,0,0,0,0,0
17,PENDLEUSDT,0,0,0.00000000,0,0,20,False,0.0,0.0,5000,BOTH,0,0,0,0,0,0
18,XMRUSDT,0,0,0.00000000,0,0,20,False,0.0,0.0,150000,BOTH,0.000,0,0,0,0,0
19,GLMRUSDT,0,0,0.00000000,0,0,20,False,0.0,0.0,0,BOTH,0,0,0,0,0,0
20,ALICEUSDT,0,0,0.00000000,0,0,20,False,0.0,0.0,25000,BOTH,0.0,0,0,0,0,0
21,HOOKUSDT,0,0,0.00000000,0,0,20,False,0.0,0.0,5000,BOTH,0.0,0,0,0,0,0
22,BNBUSDC,0,0,0.00000000,0,0,20,False,0.0,0.0,250000,BOTH,0.00,0,0,0,0,0
23,ACEUSDT,0,0,0.00000000,0,0,20,False,0.0,0.0,25000,BOTH,0,0,0,0,0,0
24,REEFUSDT,0,0,0.00000000,0,0,20,False,0.0,0.0,25000,BOTH,0,0,0,0,0,0
25,BATUSDT,0,0,0.00000000,0,0,20,False,0.0,0.0,5000,BOTH,0.0,0,0,0,0,0
26,1000BONKUSDT,0,0,0.00000000,0,0,20,False,0.0,0.0,25000,BOTH,0,0,0,0,0,0
27,DOGEUSDT,0,0,0.00000000,0,0,20,False,0.0,0.0,900000,BOTH,0,0,0,0,0,0
28,TRXUSDT,0,0,0.00000000,0,0,20,False,0.0,0.0,90000,BOTH,0,0,0,0,0,0
29,STORJUSDT,0,0,0.00000000,0,0,20,False,0.0,0.0,25000,BOTH,0,0,0,0,0,0
30,SNXUSDT,0,0,0.00000000,0,0,20,False,0.0,0.0,50000,BOTH,0.0,0,0,0,0,0
31,XLMUSDT,0,0,0.00000000,0,0,20,False,0.0,0.0,150000,BOTH,0,0,0,0,0,0
32,DOGEUSDC,0,0,0.00000000,0,0,20,False,0.0,0.0,1100000,BOTH,0,0,0,0,0,0
33,IOTXUSDT,0,0,0.00000000,0,0,20,False,0.0,0.0,25000,BOTH,0,0,0,0,0,0
34,ARKUSDT,0,0,0.00000000,0,0,20,False,0.0,0.0,0,BOTH,0,0,0,0,0,0
35,OMNIUSDT,0,0,0.00000000,0,0,20,False,0.0,0.0,25000,BOTH,0.00,0,0,0,0,0
36,UMAUSDT,0,0,0.00000000,0,0,20,False,0.0,0.0,5000,BOTH,0,0,0,0,0,0
37,DASHUSDT,0,0,0.00000000,0,0,20,False,0.0,0.0,25000,BOTH,0.000,0,0,0,0,0
38,KAVAUSDT,0,0,0.00000000,0,0,20,False,0.0,0.0,25000,BOTH,0.0,0,0,0,0,0
39,OXTUSDT,0,0,0.00000000,0,0,20,False,0.0,0.0,5000,BOTH,0,0,0,0,0,0
40,RUNEUSDT,0,0,0.00000000,0,0,20,False,0.0,0.0,25000,BOTH,0,0,0,0,0,0
41,APEUSDT,0,0,0.00000000,0,0,20,False,0.0,0.0,5000,BOTH,0,0,0,0,0,0
42,BNXUSDT,0,0,0.00000000,0,0,20,False,0.0,0.0,5000,BOTH,0.0,0,0,0,0,0
43,BLUEBIRDUSDT,0,0,0.00000000,0,0,20,False,0.0,0.0,25000,BOTH,0.0,0,0,0,0,0
44,LTCUSDC,0,0,0.00000000,0,0,20,False,0.0,0.0,750000,BOTH,0.000,0,0,0,0,0
45,OPUSDT,0,0,0.00000000,0,0,20,False,0.0,0.0,600000,BOTH,0.0,0,0,0,0,0
46,KEYUSDT,0,0,0.00000000,0,0,20,False,0.0,0.0,5000,BOTH,0,0,0,0,0,0
47,DGBUSDT,0,0,0.00000000,0,0,20,False,0.0,0.0,25000,BOTH,0,0,0,0,0,0
48,SKLUSDT,0,0,0.00000000,0,0,20,False,0.0,0.0,25000,BOTH,0,0,0,0,0,0
49,FOOTBALLUSDT,0,0,0.00000000,0,0,20,False,0.0,0.0,25000,BOTH,0.00,0,0,0,0,0
50,GLMUSDT,0,0,0.00000000,0,0,20,False,0.0,0.0,25000,BOTH,0,0,0,0,0,0
51,ALTUSDT,0,0,0.00000000,0,0,20,False,0.0,0.0,25000,BOTH,0,0,0,0,0,0
52,MTLUSDT,0,0,0.00000000,0,0,20,False,0.0,0.0,25000,BOTH,0,0,0,0,0,0
53,TOMOUSDT,0,0,0.00000000,0,0,20,False,0.0,0.0,50000,BOTH,0,0,0,0,0,0
54,LTCUSDT,0,0,0.00000000,0,0,20,False,0.0,0.0,250000,BOTH,0.000,0,0,0,0,0
55,ETHBTC,0,0,0.00000000,0,0,20,False,0.0,0.0,400,BOTH,0.00,0,0,0,0,0
56,KSMUSDT,0,0,0.00000000,0,0,20,False,0.0,0.0,25000,BOTH,0.0,0,0,0,0,0
57,TRBUSDT,0,0,0.00000000,0,0,20,False,0.0,0.0,25000,BOTH,0.0,0,0,0,0,0
58,FLOWUSDT,0,0,0.00000000,0,0,20,False,0.0,0.0,25000,BOTH,0.0,0,0,0,0,0
59,MANAUSDT,0,0,0.00000000,0,0,20,False,0.0,0.0,150000,BOTH,0,0,0,0,0,0
60,CHRUSDT,0,0,0.00000000,0,0,20,False,0.0,0.0,25000,BOTH,0,0,0,0,0,0
61,WUSDT,0,0,0.00000000,0,0,20,False,0.0,0.0,25000,BOTH,0.0,0,0,0,0,0
62,ONDOUSDT,0,0,0.00000000,0,0,20,False,0.0,0.0,25000,BOTH,0.0,0,0,0,0,0
63,AEVOUSDT,0,0,0.00000000,0,0,20,False,0.0,0.0,25000,BOTH,0.0,0,0,0,0,0
64,GALUSDT,0,0,0.00000000,0,0,20,False,0.0,0.0,25000,BOTH,0,0,0,0,0,0
65,USDCUSDT,0,0,0.00000000,0,0,20,False,0.0,0.0,900000,BOTH,0,0,0,0,0,0
66,RNDRUSDT,0,0,0.00000000,0,0,20,False,0.0,0.0,5000,BOTH,0.0,0,0,0,0,0
67,OGNUSDT,0,0,0.00000000,0,0,20,False,0.0,0.0,25000,BOTH,0,0,0,0,0,0
68,ENAUSDT,0,0,0.00000000,0,0,20,False,0.0,0.0,25000,BOTH,0,0,0,0,0,0
69,STMXUSDT,0,0,0.00000000,0,0,20,False,0.0,0.0,5000,BOTH,0,0,0,0,0,0
70,SRMUSDT,0,0,0.00000000,0,0,20,False,0.0,0.0,25000,BOTH,0,0,0,0,0,0
71,BLURUSDT,0,0,0.00000000,0,0,20,False,0.0,0.0,25000,BOTH,0,0,0,0,0,0
72,KNCUSDT,0,0,0.00000000,0,0,20,False,0.0,0.0,25000,BOTH,0,0,0,0,0,0
73,ENJUSDT,0,0,0.00000000,0,0,20,False,0.0,0.0,100000,BOTH,0,0,0,0,0,0
74,XRPUSDC,0,0,0.00000000,0,0,20,False,0.0,0.0,750000,BOTH,0.0,0,0,0,0,0
75,ATOMUSDT,0,0,0.00000000,0,0,20,False,0.0,0.0,600000,BOTH,0.00,0,0,0,0,0
76,NMRUSDT,0,0,0.00000000,0,0,20,False,0.0,0.0,5000,BOTH,0.0,0,0,0,0,0
77,ENSUSDT,0,0,0.00000000,0,0,20,False,0.0,0.0,25000,BOTH,0.0,0,0,0,0,0
78,GASUSDT,0,0,0.00000000,0,0,20,False,0.0,0.0,25000,BOTH,0.0,0,0,0,0,0
79,AGIXUSDT,0,0,0.00000000,0,0,20,False,0.0,0.0,25000,BOTH,0,0,0,0,0,0
80,ATAUSDT,0,0,0.00000000,0,0,20,False,0.0,0.0,25000,BOTH,0,0,0,0,0,0
81,IOSTUSDT,0,0,0.00000000,0,0,20,False,0.0,0.0,25000,BOTH,0,0,0,0,0,0
82,HBARUSDT,0,0,0.00000000,0,0,20,False,0.0,0.0,50000,BOTH,0,0,0,0,0,0
83,ZECUSDT,0,0,0.00000000,0,0,20,False,0.0,0.0,150000,BOTH,0.000,0,0,0,0,0
84,POLYXUSDT,0,0,0.00000000,0,0,20,False,0.0,0.0,25000,BOTH,0,0,0,0,0,0
85,IDEXUSDT,0,0,0.00000000,0,0,20,False,0.0,0.0,5000,BOTH,0,0,0,0,0,0
86,ETHUSDT_240927,0,0,0.00000000,0,0,20,False,0.0,0.0,375000,BOTH,0.000,0,0,0,0,0
87,EDUUSDT,0,0,0.00000000,0,0,20,False,0.0,0.0,5000,BOTH,0,0,0,0,0,0
88,GALAUSDT,0,0,0.00000000,0,0,20,False,0.0,0.0,900000,BOTH,0,0,0,0,0,0
89,GTCUSDT,0,0,0.00000000,0,0,20,False,0.0,0.0,25000,BOTH,0.0,0,0,0,0,0
90,ALGOUSDT,0,0,0.00000000,0,0,20,False,0.0,0.0,25000,BOTH,0.0,0,0,0,0,0
91,MANTAUSDT,0,0,0.00000000,0,0,20,False,0.0,0.0,25000,BOTH,0.0,0,0,0,0,0
92,BSVUSDT,0,0,0.00000000,0,0,20,False,0.0,0.0,25000,BOTH,0.0,0,0,0,0,0
93,LRCUSDT,0,0,0.00000000,0,0,20,False,0.0,0.0,5000,BOTH,0,0,0,0,0,0
94,PYTHUSDT,0,0,0.00000000,0,0,20,False,0.0,0.0,25000,BOTH,0,0,0,0,0,0
95,ORBSUSDT,0,0,0.00000000,0,0,20,False,0.0,0.0,10000,BOTH,0,0,0,0,0,0
96,STGUSDT,0,0,0.00000000,0,0,20,False,0.0,0.0,25000,BOTH,0,0,0,0,0,0
97,STXUSDT,0,0,0.00000000,0,0,20,False,0.0,0.0,50000,BOTH,0,0,0,0,0,0
98,ARPAUSDT,0,0,0.00000000,0,0,20,False,0.0,0.0,25000,BOTH,0,0,0,0,0,0
99,CELOUSDT,0,0,0.00000000,0,0,20,False,0.0,0.0,25000,BOTH,0.0,0,0,0,0,0
100,QNTUSDT,0,0,0.00000000,0,0,20,False,0.0,0.0,25000,BOTH,0.0,0,0,0,0,0
101,AIUSDT,0,0,0.00000000,0,0,20,False,0.0,0.0,25000,BOTH,0,0,0,0,0,0
102,1INCHUSDT,0,0,0.00000000,0,0,20,False,0.0,0.0,25000,BOTH,0,0,0,0,0,0
103,TUSDT,0,0,0.00000000,0,0,20,False,0.0,0.0,5000,BOTH,0,0,0,0,0,0
104,PIXELUSDT,0,0,0.00000000,0,0,20,False,0.0,0.0,25000,BOTH,0,0,0,0,0,0
105,SOLUSDC,0,0,0.00000000,0,0,20,False,0.0,0.0,2000000,BOTH,0.00,0,0,0,0,0
106,TAOUSDT,0,0,0.00000000,0,0,20,False,0.0,0.0,25000,BOTH,0.000,0,0,0,0,0
107,LINAUSDT,0,0,0.00000000,0,0,20,False,0.0,0.0,5000,BOTH,0,0,0,0,0,0
108,ARUSDT,0,0,0.00000000,0,0,20,False,0.0,0.0,5000,BOTH,0.0,0,0,0,0,0
109,STRKUSDT,0,0,0.00000000,0,0,20,False,0.0,0.0,25000,BOTH,0.0,0,0,0,0,0
110,FILUSDT,0,0,0.00000000,0,0,20,False,0.0,0.0,600000,BOTH,0.0,0,0,0,0,0
111,ZETAUSDT,0,0,0.00000000,0,0,20,False,0.0,0.0,25000,BOTH,0,0,0,0,0,0
112,DODOXUSDT,0,0,0.00000000,0,0,20,False,0.0,0.0,5000,BOTH,0,0,0,0,0,0
113,SOLUSDT,0,0,0.00000000,0,0,20,False,0.0,0.0,900000,BOTH,0,0,0,0,0,0
114,AXLUSDT,0,0,0.00000000,0,0,20,False,0.0,0.0,25000,BOTH,0.0,0,0,0,0,0
115,LOOMUSDT,0,0,0.00000000,0,0,20,False,0.0,0.0,0,BOTH,0,0,0,0,0,0
116,RONINUSDT,0,0,0.00000000,0,0,20,False,0.0,0.0,25000,BOTH,0.0,0,0,0,0,0
117,1000SATSUSDT,0,0,0.00000000,0,0,20,False,0.0,0.0,25000,BOTH,0,0,0,0,0,0
118,COMBOUSDT,0,0,0.00000000,0,0,20,False,0.0,0.0,5000,BOTH,0.0,0,0,0,0,0
119,FILUSDC,0,0,0.00000000,0,0,20,False,0.0,0.0,600000,BOTH,0.0,0,0,0,0,0
120,MDTUSDT,0,0,0.00000000,0,0,20,False,0.0,0.0,5000,BOTH,0,0,0,0,0,0
121,GMTUSDT,0,0,0.00000000,0,0,20,False,0.0,0.0,150000,BOTH,0,0,0,0,0,0
122,XVSUSDT,0,0,0.00000000,0,0,20,False,0.0,0.0,5000,BOTH,0.0,0,0,0,0,0
123,GMXUSDT,0,0,0.00000000,0,0,20,False,0.0,0.0,5000,BOTH,0.00,0,0,0,0,0
124,BANDUSDT,0,0,0.00000000,0,0,20,False,0.0,0.0,5000,BOTH,0.0,0,0,0,0,0
125,LDOUSDT,0,0,0.00000000,0,0,20,False,0.0,0.0,400000,BOTH,0,0,0,0,0,0
126,XRPUSDT,0,0,0.00000000,0,0,20,False,0.0,0.0,500000,BOTH,0.0,0,0,0,0,0
127,PORTALUSDT,0,0,0.00000000,0,0,20,False,0.0,0.0,25000,BOTH,0.0,0,0,0,0,0
128,BELUSDT,0,0,0.00000000,0,0,20,False,0.0,0.0,5000,BOTH,0,0,0,0,0,0
129,CRVUSDT,0,0,0.00000000,0,0,20,False,0.0,0.0,25000,BOTH,0.0,0,0,0,0,0
130,BONDUSDT,0,0,0.00000000,0,0,20,False,0.0,0.0,10000,BOTH,0.0,0,0,0,0,0
131,DOTUSDT,0,0,0.00000000,0,0,20,False,0.0,0.0,250000,BOTH,0.0,0,0,0,0,0
132,ONEUSDT,0,0,0.00000000,0,0,20,False,0.0,0.0,25000,BOTH,0,0,0,0,0,0
133,MAVIAUSDT,0,0,0.00000000,0,0,20,False,0.0,0.0,25000,BOTH,0.0,0,0,0,0,0
134,APTUSDT,0,0,0.00000000,0,0,20,False,0.0,0.0,900000,BOTH,0.0,0,0,0,0,0
135,FRONTUSDT,0,0,0.00000000,0,0,20,False,0.0,0.0,0,BOTH,0,0,0,0,0,0
136,SEIUSDT,0,0,0.00000000,0,0,20,False,0.0,0.0,5000,BOTH,0,0,0,0,0,0
137,ANKRUSDT,0,0,0.00000000,0,0,20,False,0.0,0.0,25000,BOTH,0,0,0,0,0,0
138,MAVUSDT,0,0,0.00000000,0,0,20,False,0.0,0.0,5000,BOTH,0,0,0,0,0,0
139,MEMEUSDT,0,0,0.00000000,0,0,20,False,0.0,0.0,25000,BOTH,0,0,0,0,0,0
140,API3USDT,0,0,0.00000000,0,0,20,False,0.0,0.0,25000,BOTH,0.0,0,0,0,0,0
141,ASTRUSDT,0,0,0.00000000,0,0,20,False,0.0,0.0,5000,BOTH,0,0,0,0,0,0
142,HOTUSDT,0,0,0.00000000,0,0,20,False,0.0,0.0,25000,BOTH,0,0,0,0,0,0
143,QTUMUSDT,0,0,0.00000000,0,0,20,False,0.0,0.0,25000,BOTH,0.0,0,0,0,0,0
144,IOTAUSDT,0,0,0.00000000,0,0,20,False,0.0,0.0,25000,BOTH,0.0,0,0,0,0,0
145,ETHUSDC,0,0,0.00000000,0,0,20,False,0.0,0.0,50000000,BOTH,0.000,0,0,0,0,0
146,LSKUSDT,0,0,0.00000000,0,0,20,False,0.0,0.0,25000,BOTH,0,0,0,0,0,0
147,JTOUSDT,0,0,0.00000000,0,0,20,False,0.0,0.0,25000,BOTH,0,0,0,0,0,0
148,ADAUSDT,0,0,0.00000000,0,0,20,False,0.0,0.0,250000,BOTH,0,0,0,0,0,0
149,LITUSDT,0,0,0.00000000,0,0,20,False,0.0,0.0,25000,BOTH,0.0,0,0,0,0,0
150,ALTUSDT_240426,0,0,0.00000000,0,0,20,False,0.0,0.0,5000,BOTH,0.0,0,0,0,0,0
151,STEEMUSDT,0,0,0.00000000,0,0,20,False,0.0,0.0,25000,BOTH,0,0,0,0,0,0
152,BIGTIMEUSDT,0,0,0.00000000,0,0,20,False,0.0,0.0,25000,BOTH,0,0,0,0,0,0
153,ETHFIUSDT,0,0,0.00000000,0,0,20,False,0.0,0.0,9223372036854775807,BOTH,0.0,0,0,0,0,0
154,BTCUSDT_240927,0,0,0.00000000,0,0,20,False,0.0,0.0,375000,BOTH,0.000,0,0,0,0,0
155,YFIUSDT,0,0,0.00000000,0,0,20,False,0.0,0.0,25000,BOTH,0.000,0,0,0,0,0
156,USTCUSDT,0,0,0.00000000,0,0,20,False,0.0,0.0,25000,BOTH,0,0,0,0,0,0
157,MYROUSDT,0,0,0.00000000,0,0,20,False,0.0,0.0,25000,BOTH,0,0,0,0,0,0
158,ETHUSDT,0,0,0.00000000,0,0,20,False,0.0,0.0,15000000,BOTH,0.000,0,0,0,0,0
159,ORDIUSDT,0,0,0.00000000,0,0,20,False,0.0,0.0,25000,BOTH,0.0,0,0,0,0,0
160,ALPHAUSDT,0,0,0.00000000,0,0,20,False,0.0,0.0,25000,BOTH,0,0,0,0,0,0
161,WOOUSDT,0,0,0.00000000,0,0,20,False,0.0,0.0,5000,BOTH,0,0,0,0,0,0
162,SFPUSDT,0,0,0.00000000,0,0,20,False,0.0,0.0,25000,BOTH,0,0,0,0,0,0
163,RLCUSDT,0,0,0.00000000,0,0,20,False,0.0,0.0,25000,BOTH,0.0,0,0,0,0,0
164,BTCSTUSDT,0,0,0.00000000,0,0,20,False,0.0,0.0,25000,BOTH,0.0,0,0,0,0,0
165,ORDIUSDC,0,0,0.00000000,0,0,20,False,0.0,0.0,1000000,BOTH,0.0,0,0,0,0,0
166,1000XECUSDT,0,0,0.00000000,0,0,20,False,0.0,0.0,25000,BOTH,0,0,0,0,0,0
167,FXSUSDT,0,0,0.00000000,0,0,20,False,0.0,0.0,5000,BOTH,0.0,0,0,0,0,0
168,CFXUSDT,0,0,0.00000000,0,0,20,False,0.0,0.0,400000,BOTH,0,0,0,0,0,0
169,AUDIOUSDT,0,0,0.00000000,0,0,20,False,0.0,0.0,25000,BOTH,0,0,0,0,0,0
170,BADGERUSDT,0,0,0.00000000,0,0,20,False,0.0,0.0,25000,BOTH,0,0,0,0,0,0
171,IDUSDT,0,0,0.00000000,0,0,20,False,0.0,0.0,5000,BOTH,0,0,0,0,0,0
172,HFTUSDT,0,0,0.00000000,0,0,20,False,0.0,0.0,5000,BOTH,0,0,0,0,0,0
173,NEOUSDT,0,0,0.00000000,0,0,20,False,0.0,0.0,400000,BOTH,0.00,0,0,0,0,0
174,UNFIUSDT,0,0,0.00000000,0,0,20,False,0.0,0.0,25000,BOTH,0.0,0,0,0,0,0
175,POWRUSDT,0,0,0.00000000,0,0,20,False,0.0,0.0,25000,BOTH,0,0,0,0,0,0
176,WAXPUSDT,0,0,0.00000000,0,0,20,False,0.0,0.0,25000,BOTH,0,0,0,0,0,0
177,SANDUSDT,0,0,0.00000000,0,0,20,False,0.0,0.0,400000,BOTH,0,0,0,0,0,0
178,CTKUSDT,0,0,0.00000000,0,0,20,False,0.0,0.0,25000,BOTH,0,0,0,0,0,0
179,LINKUSDT,0,0,0.00000000,0,0,20,False,0.0,0.0,250000,BOTH,0.00,0,0,0,0,0
180,MINAUSDT,0,0,0.00000000,0,0,20,False,0.0,0.0,5000,BOTH,0,0,0,0,0,0
181,CELRUSDT,0,0,0.00000000,0,0,20,False,0.0,0.0,25000,BOTH,0,0,0,0,0,0
182,RIFUSDT,0,0,0.00000000,0,0,20,False,0.0,0.0,25000,BOTH,0,0,0,0,0,0
183,AGLDUSDT,0,0,0.00000000,0,0,20,False,0.0,0.0,5000,BOTH,0,0,0,0,0,0
184,RSRUSDT,0,0,0.00000000,0,0,20,False,0.0,0.0,25000,BOTH,0,0,0,0,0,0
185,RENUSDT,0,0,0.00000000,0,0,20,False,0.0,0.0,5000,BOTH,0,0,0,0,0,0
186,LPTUSDT,0,0,0.00000000,0,0,20,False,0.0,0.0,25000,BOTH,0.0,0,0,0,0,0
187,JASMYUSDT,0,0,0.00000000,0,0,20,False,0.0,0.0,25000,BOTH,0,0,0,0,0,0
188,PHBUSDT,0,0,0.00000000,0,0,20,False,0.0,0.0,5000,BOTH,0,0,0,0,0,0
189,ARBUSDC,0,0,0.00000000,0,0,20,False,0.0,0.0,600000,BOTH,0.0,0,0,0,0,0
190,YGGUSDT,0,0,0.00000000,0,0,20,False,0.0,0.0,0,BOTH,0,0,0,0,0,0
191,EGLDUSDT,0,0,0.00000000,0,0,20,False,0.0,0.0,25000,BOTH,0.0,0,0,0,0,0
192,LUNA2USDT,0,0,0.00000000,0,0,20,False,0.0,0.0,25000,BOTH,0,0,0,0,0,0
193,DYMUSDT,0,0,0.00000000,0,0,20,False,0.0,0.0,25000,BOTH,0.0,0,0,0,0,0
194,IMXUSDT,0,0,0.00000000,0,0,20,False,0.0,0.0,25000,BOTH,0,0,0,0,0,0
195,NFPUSDT,0,0,0.00000000,0,0,20,False,0.0,0.0,25000,BOTH,0.0,0,0,0,0,0
196,VETUSDT,0,0,0.00000000,0,0,20,False,0.0,0.0,200000,BOTH,0,0,0,0,0,0
197,ONTUSDT,0,0,0.00000000,0,0,20,False,0.0,0.0,25000,BOTH,0.0,0,0,0,0,0
198,LQTYUSDT,0,0,0.00000000,0,0,20,False,0.0,0.0,5000,BOTH,0.0,0,0,0,0,0
199,NEOUSDC,0,0,0.00000000,0,0,20,False,0.0,0.0,400000,BOTH,0.00,0,0,0,0,0
200,COTIUSDT,0,0,0.00000000,0,0,20,False,0.0,0.0,25000,BOTH,0,0,0,0,0,0
201,CVXUSDT,0,0,0.00000000,0,0,20,False,0.0,0.0,25000,BOTH,0,0,0,0,0,0
202,VANRYUSDT,0,0,0.00000000,0,0,20,False,0.0,0.0,25000,BOTH,0,0,0,0,0,0
203,ARBUSDT,0,0,0.00000000,0,0,20,False,0.0,0.0,600000,BOTH,0.0,0,0,0,0,0
204,LINKUSDC,0,0,0.00000000,0,0,20,False,0.0,0.0,250000,BOTH,0.00,0,0,0,0,0
205,BAKEUSDT,0,0,0.00000000,0,0,20,False,0.0,0.0,25000,BOTH,0,0,0,0,0,0
206,GRTUSDT,0,0,0.00000000,0,0,20,False,0.0,0.0,50000,BOTH,0,0,0,0,0,0
207,AUCTIONUSDT,0,0,0.00000000,0,0,20,False,0.0,0.0,25000,BOTH,0.00,0,0,0,0,0
208,FLMUSDT,0,0,0.00000000,0,0,20,False,0.0,0.0,25000,BOTH,0,0,0,0,0,0
209,MASKUSDT,0,0,0.00000000,0,0,20,False,0.0,0.0,25000,BOTH,0,0,0,0,0,0
210,EOSUSDT,0,0,0.00000000,0,0,20,False,0.0,0.0,250000,BOTH,0.0,0,0,0,0,0
211,WIFUSDC,0,0,0.00000000,0,0,20,False,0.0,0.0,80000,BOTH,0.0,0,0,0,0,0
212,NEARUSDC,0,0,0.00000000,0,0,20,False,0.0,0.0,250000,BOTH,0,0,0,0,0,0
213,BALUSDT,0,0,0.00000000,0,0,20,False,0.0,0.0,25000,BOTH,0.0,0,0,0,0,0
214,SUIUSDT,0,0,0.00000000,0,0,20,False,0.0,0.0,25000,BOTH,0.0,0,0,0,0,0
215,METISUSDT,0,0,0.00000000,0,0,20,False,0.0,0.0,25000,BOTH,0.00,0,0,0,0,0
216,DENTUSDT,0,0,0.00000000,0,0,20,False,0.0,0.0,25000,BOTH,0,0,0,0,0,0
217,BCHUSDC,0,0,0.00000000,0,0,20,False,0.0,0.0,500000,BOTH,0.000,0,0,0,0,0
218,STPTUSDT,0,0,0.00000000,0,0,20,False,0.0,0.0,25000,BOTH,0,0,0,0,0,0
219,TRUUSDT,0,0,0.00000000,0,0,20,False,0.0,0.0,5000,BOTH,0,0,0,0,0,0
220,CKBUSDT,0,0,0.00000000,0,0,20,False,0.0,0.0,5000,BOTH,0,0,0,0,0,0
221,SSVUSDT,0,0,0.00000000,0,0,20,False,0.0,0.0,5000,BOTH,0.00,0,0,0,0,0
222,CYBERUSDT,0,0,0.00000000,0,0,20,False,0.0,0.0,5000,BOTH,0.0,0,0,0,0,0
223,TOKENUSDT,0,0,0.00000000,0,0,20,False,0.0,0.0,25000,BOTH,0,0,0,0,0,0
224,C98USDT,0,0,0.00000000,0,0,20,False,0.0,0.0,25000,BOTH,0,0,0,0,0,0
225,ZENUSDT,0,0,0.00000000,0,0,20,False,0.0,0.0,25000,BOTH,0.0,0,0,0,0,0
226,NEARUSDT,0,0,0.00000000,0,0,20,False,0.0,0.0,150000,BOTH,0,0,0,0,0,0
227,TWTUSDT,0,0,0.00000000,0,0,20,False,0.0,0.0,25000,BOTH,0.0,0,0,0,0,0
228,BEAMXUSDT,0,0,0.00000000,0,0,20,False,0.0,0.0,25000,BOTH,0,0,0,0,0,0
229,SUIUSDC,0,0,0.00000000,0,0,20,False,0.0,0.0,600000,BOTH,0.0,0,0,0,0,0
230,BCHUSDT,0,0,0.00000000,0,0,20,False,0.0,0.0,10000000,BOTH,0.000,0,0,0,0,0
231,BOMEUSDT,0,0,0.00000000,0,0,20,False,0.0,0.0,25000,BOTH,0,0,0,0,0,0
232,SLPUSDT,0,0,0.00000000,0,0,20,False,0.0,0.0,25000,BOTH,0,0,0,0,0,0
233,1000SHIBUSDT,0,0,0.00000000,0,0,20,False,0.0,0.0,300000,BOTH,0,0,0,0,0,0
234,ANTUSDT,0,0,0.00000000,0,0,20,False,0.0,0.0,25000,BOTH,0.0,0,0,0,0,0
235,AVAXUSDC,0,0,0.00000000,0,0,20,False,0.0,0.0,250000,BOTH,0.00,0,0,0,0,0
236,ETHWUSDT,0,0,0.00000000,0,0,20,False,0.0,0.0,25000,BOTH,0,0,0,0,0,0
237,HIFIUSDT,0,0,0.00000000,0,0,20,False,0.0,0.0,0,BOTH,0,0,0,0,0,0
238,AAVEUSDT,0,0,0.00000000,0,0,20,False,0.0,0.0,25000,BOTH,0.0,0,0,0,0,0
239,BICOUSDT,0,0,0.00000000,0,0,20,False,0.0,0.0,0,BOTH,0,0,0,0,0,0
240,TONUSDT,0,0,0.00000000,0,0,20,False,0.0,0.0,25000,BOTH,0.0,0,0,0,0,0
241,WIFUSDT,0,0,0.00000000,0,0,20,False,0.0,0.0,25000,BOTH,0.0,0,0,0,0,0
242,1000SHIBUSDC,0,0,0.00000000,0,0,20,False,0.0,0.0,600000,BOTH,0,0,0,0,0,0
243,1000LUNCUSDT,0,0,0.00000000,0,0,20,False,0.0,0.0,25000,BOTH,0,0,0,0,0,0
244,RADUSDT,0,0,0.00000000,0,0,20,False,0.0,0.0,5000,BOTH,0,0,0,0,0,0
245,MBLUSDT,0,0,0.00000000,0,0,20,False,0.0,0.0,25000,BOTH,0,0,0,0,0,0
246,AVAXUSDT,0,0,0.00000000,0,0,20,False,0.0,0.0,25000,BOTH,0,0,0,0,0,0
247,CAKEUSDT,0,0,0.00000000,0,0,20,False,0.0,0.0,25000,BOTH,0,0,0,0,0,0
248,NTRNUSDT,0,0,0.00000000,0,0,20,False,0.0,0.0,25000,BOTH,0,0,0,0,0,0
249,JUPUSDT,0,0,0.00000000,0,0,20,False,0.0,0.0,25000,BOTH,0,0,0,0,0,0
250,MAGICUSDT,0,0,0.00000000,0,0,20,False,0.0,0.0,5000,BOTH,0.0,0,0,0,0,0
251,ROSEUSDT,0,0,0.00000000,0,0,20,False,0.0,0.0,25000,BOTH,0,0,0,0,0,0
252,MOVRUSDT,0,0,0.00000000,0,0,20,False,0.0,0.0,25000,BOTH,0.00,0,0,0,0,0
253,OMUSDT,0,0,0.00000000,0,0,20,False,0.0,0.0,25000,BOTH,0.0,0,0,0,0,0
254,MATICUSDT,0,0,0.00000000,0,0,20,False,0.0,0.0,900000,BOTH,0,0,0,0,0,0
255,ONGUSDT,0,0,0.00000000,0,0,20,False,0.0,0.0,25000,BOTH,0,0,0,0,0,0
256,BTCUSDT_240628,0,0,0.00000000,0,0,20,False,0.0,0.0,375000,BOTH,0.000,0,0,0,0,0
257,XVGUSDT,0,0,0.00000000,0,0,20,False,0.0,0.0,5000,BOTH,0,0,0,0,0,0
258,TIAUSDT,0,0,0.00000000,0,0,20,False,0.0,0.0,25000,BOTH,0,0,0,0,0,0
259,BTCUSDC,0,0,0.00000000,0,0,20,False,0.0,0.0,80000000,BOTH,0.000,0,0,0,0,0
260,PEOPLEUSDT,0,0,0.00000000,0,0,20,False,0.0,0.0,25000,BOTH,0,0,0,0,0,0
261,MKRUSDT,0,0,0.00000000,0,0,20,False,0.0,0.0,450000,BOTH,0.000,0,0,0,0,0
262,THETAUSDT,0,0,0.00000000,0,0,20,False,0.0,0.0,250000,BOTH,0.0,0,0,0,0,0
263,1000PEPEUSDC,0,0,0.00000000,0,0,20,False,0.0,0.0,50000,BOTH,0,0,0,0,0,0
264,UNIUSDT,0,0,0.00000000,0,0,20,False,0.0,0.0,900000,BOTH,0,0,0,0,0,0
265,PERPUSDT,0,0,0.00000000,0,0,20,False,0.0,0.0,25000,BOTH,0.0,0,0,0,0,0
266,RVNUSDT,0,0,0.00000000,0,0,20,False,0.0,0.0,5000,BOTH,0,0,0,0,0,0
267,ARKMUSDT,0,0,0.00000000,0,0,20,False,0.0,0.0,0,BOTH,0,0,0,0,0,0
268,NKNUSDT,0,0,0.00000000,0,0,20,False,0.0,0.0,5000,BOTH,0,0,0,0,0,0
269,KLAYUSDT,0,0,0.00000000,0,0,20,False,0.0,0.0,25000,BOTH,0.0,0,0,0,0,0
270,DEFIUSDT,0,0,0.00000000,0,0,20,False,0.0,0.0,25000,BOTH,0.000,0,0,0,0,0
271,TNSRUSDT,0,0,0.00000000,0,0,20,False,0.0,0.0,25000,BOTH,0.0,0,0,0,0,0
272,COMPUSDT,0,0,0.00000000,0,0,20,False,0.0,0.0,25000,BOTH,0.000,0,0,0,0,0
273,BTCDOMUSDT,0,0,0.00000000,0,0,20,False,0.0,0.0,25000,BOTH,0.000,0,0,0,0,0
274,BTCUSDT,1890.81000000,7.56324000,-0.38400000,1890.81000000,0,1,True,63014.2,62988.99431999,5.0E8,BOTH,-0.030,-1890.81000000,1892.42022960,1713466308447,0,0
275,OMGUSDT,0,0,0.00000000,0,0,20,False,0.0,0.0,25000,BOTH,0.0,0,0,0,0,0
276,1000PEPEUSDT,0,0,0.00000000,0,0,20,False,0.0,0.0,50000,BOTH,0,0,0,0,0,0
277,ICXUSDT,0,0,0.00000000,0,0,20,False,0.0,0.0,25000,BOTH,0,0,0,0,0,0
278,1000RATSUSDT,0,0,0.00000000,0,0,20,False,0.0,0.0,25000,BOTH,0,0,0,0,0,0
279,FETUSDT,0,0,0.00000000,0,0,20,False,0.0,0.0,5000,BOTH,0,0,0,0,0,0
280,SUPERUSDT,0,0,0.00000000,0,0,20,False,0.0,0.0,25000,BOTH,0,0,0,0,0,0
281,LEVERUSDT,0,0,0.00000000,0,0,20,False,0.0,0.0,5000,BOTH,0,0,0,0,0,0
282,1000FLOKIUSDT,0,0,0.00000000,0,0,20,False,0.0,0.0,5000,BOTH,0,0,0,0,0,0
283,FTMUSDT,0,0,0.00000000,0,0,20,False,0.0,0.0,400000,BOTH,0,0,0,0,0,0
284,AMBUSDT,0,0,0.00000000,0,0,20,False,0.0,0.0,5000,BOTH,0,0,0,0,0,0
285,ETHUSDT_240628,0,0,0.00000000,0,0,20,False,0.0,0.0,375000,BOTH,0.000,0,0,0,0,0
286,SXPUSDT,0,0,0.00000000,0,0,20,False,0.0,0.0,25000,BOTH,0.0,0,0,0,0,0
287,WLDUSDT,0,0,0.00000000,0,0,20,False,0.0,0.0,5000,BOTH,0,0,0,0,0,0
288,XEMUSDT,0,0,0.00000000,0,0,20,False,0.0,0.0,25000,BOTH,0,0,0,0,0,0
289,ALTUSDT_240130,0,0,0.00000000,0,0,20,False,0.0,0.0,5000,BOTH,0.0,0,0,0,0,0
290,ZILUSDT,0,0,0.00000000,0,0,20,False,0.0,0.0,25000,BOTH,0,0,0,0,0,0
291,DYDXUSDT,0,0,0.00000000,0,0,20,False,0.0,0.0,400000,BOTH,0.0,0,0,0,0,0
292,AXSUSDT,0,0,0.00000000,0,0,20,False,0.0,0.0,600000,BOTH,0,0,0,0,0,0
293,OCEANUSDT,0,0,0.00000000,0,0,20,False,0.0,0.0,25000,BOTH,0,0,0,0,0,0
294,WLDUSDC,0,0,0.00000000,0,0,20,False,0.0,0.0,300000,BOTH,0.0,0,0,0,0,0
295,CHZUSDT,0,0,0.00000000,0,0,20,False,0.0,0.0,25000,BOTH,0,0,0,0,0,0
296,ILVUSDT,0,0,0.00000000,0,0,20,False,0.0,0.0,25000,BOTH,0.0,0,0,0,0,0
297,DUSKUSDT,0,0,0.00000000,0,0,20,False,0.0,0.0,25000,BOTH,0,0,0,0,0,0
298,KASUSDT,0,0,0.00000000,0,0,20,False,0.0,0.0,25000,BOTH,0,0,0,0,0,0
299,ACHUSDT,0,0,0.00000000,0,0,20,False,0.0,0.0,5000,BOTH,0,0,0,0,0,0
300,CTSIUSDT,0,0,0.00000000,0,0,20,False,0.0,0.0,25000,BOTH,0,0,0,0,0,0
